"GEO_ID","NAME","B02001_001E","B02001_001M","B02001_002E","B02001_002M","B02001_003E","B02001_003M","B02001_004E","B02001_004M","B02001_005E","B02001_005M","B02001_006E","B02001_006M","B02001_007E","B02001_007M","B02001_008E","B02001_008M","B02001_009E","B02001_009M","B02001_010E","B02001_010M",
"Geography","Geographic Area Name","Estimate!!Total:","Margin of Error!!Total:","Estimate!!Total:!!White alone","Margin of Error!!Total:!!White alone","Estimate!!Total:!!Black or African American alone","Margin of Error!!Total:!!Black or African American alone","Estimate!!Total:!!American Indian and Alaska Native alone","Margin of Error!!Total:!!American Indian and Alaska Native alone","Estimate!!Total:!!Asian alone","Margin of Error!!Total:!!Asian alone","Estimate!!Total:!!Native Hawaiian and Other Pacific Islander alone","Margin of Error!!Total:!!Native Hawaiian and Other Pacific Islander alone","Estimate!!Total:!!Some Other Race alone","Margin of Error!!Total:!!Some Other Race alone","Estimate!!Total:!!Two or More Races:","Margin of Error!!Total:!!Two or More Races:","Estimate!!Total:!!Two or More Races:!!Two races including Some Other Race","Margin of Error!!Total:!!Two or More Races:!!Two races including Some Other Race","Estimate!!Total:!!Two or More Races:!!Two races excluding Some Other Race, and three or more races","Margin of Error!!Total:!!Two or More Races:!!Two races excluding Some Other Race, and three or more races",
"5001800US0101","Congressional District 1 (118th Congress), Alabama","735510","3622","477507","4442","192547","4981","4642","1556","12129","1136","811","719","9564","2558","38310","5924","17474","3638","20836","4043",
"5001800US0102","Congressional District 2 (118th Congress), Alabama","724401","7738","436219","3610","220309","8513","1854","623","10334","1424","296","204","12877","2562","42512","4382","18309","3251","24203","3010",
"5001800US0103","Congressional District 3 (118th Congress), Alabama","730373","3227","498408","3705","169913","4214","4074","1671","11899","1572","267","220","9793","2160","36019","4609","13660","3377","22359","3451",
"5001800US0104","Congressional District 4 (118th Congress), Alabama","722049","5964","592678","7074","45679","3176","4667","1942","5447","1641","386","394","32977","4245","40215","4239","16568","3131","23647","2618",
"5001800US0105","Congressional District 5 (118th Congress), Alabama","758622","3654","529689","5065","133299","3843","5697","1868","15401","1148","145","82","20510","4291","53881","5374","21544","4106","32337","3441",
"5001800US0106","Congressional District 6 (118th Congress), Alabama","722381","9416","505911","6998","141451","8928","1867","932","13088","1764","496","411","17327","4405","42241","6514","26059","5178","16182","3493",
"5001800US0107","Congressional District 7 (118th Congress), Alabama","715132","12470","263529","7558","395559","11249","1690","1019","9147","1944","244","872","13161","3724","31802","4729","12539","2875","19263","3662",
"5001800US0200","Congressional District (at Large) (118th Congress), Alaska","733406","*****","436860","4325","21022","2459","98745","4687","43330","2801","10646","1068","19432","3315","103371","6701","20695","4021","82676","5857",
"5001800US0401","Congressional District 1 (118th Congress), Arizona","804256","22081","574043","16223","31910","7619","14310","3262","40755","6042","1019","755","45201","9237","97018","10321","68111","9870","28907","4812",
"5001800US0402","Congressional District 2 (118th Congress), Arizona","833298","6866","486513","8088","25071","4080","152191","4436","13098","2735","2190","869","39918","6115","114317","9272","71772","7397","42545","5208",
"5001800US0403","Congressional District 3 (118th Congress), Arizona","814391","24226","228722","12601","94333","11103","25624","5522","18464","3686","1610","889","143974","16921","301664","18163","260731","16961","40933","7070",
"5001800US0404","Congressional District 4 (118th Congress), Arizona","814381","17786","487459","16150","43657","6806","19454","3832","48726","6459","4396","1901","59143","9265","151546","13111","109319","13146","42227","5937",
"5001800US0405","Congressional District 5 (118th Congress), Arizona","857744","16572","596525","17294","27403","6360","12836","3343","55071","7231","788","650","46322","8708","118799","9615","71953","8451","46846","6745",
"5001800US0406","Congressional District 6 (118th Congress), Arizona","813933","16423","545839","12183","30107","4166","13373","4247","23965","2299","2850","1444","52784","7394","145015","11052","104425","9823","40590","4956",
"5001800US0407","Congressional District 7 (118th Congress), Arizona","811832","17054","309222","14246","30962","4313","27951","3517","15698","3071","526","499","120620","11736","306853","15243","274111","14792","32742","5048",
"5001800US0408","Congressional District 8 (118th Congress), Arizona","800203","19470","551434","17194","31864","5873","15047","5189","35419","5158","2061","1231","56251","9523","108127","13073","58245","8695","49882","8598",
"5001800US0409","Congressional District 9 (118th Congress), Arizona","881306","12542","549746","16232","41525","7948","13797","2713","18799","4381","1417","842","118574","14254","137448","11983","98428","11132","39020","5334",
"5001800US0501","Congressional District 1 (118th Congress), Arkansas","752628","4087","562117","5153","119445","3727","2703","869","5623","1360","985","843","11202","2971","50553","5032","20028","3402","30525","3735",
"5001800US0502","Congressional District 2 (118th Congress), Arkansas","774027","6136","527635","4283","162676","5804","2293","663","12943","1681","338","272","15088","3194","53054","5651","27241","4608","25813","3294",
"5001800US0503","Congressional District 3 (118th Congress), Arkansas","797092","3462","495071","10423","19552","1937","7990","1696","27865","1707","10483","398","40988","5103","195143","11130","155699","10808","39444","2878",
"5001800US0504","Congressional District 4 (118th Congress), Arkansas","743985","7239","527320","6328","139143","5792","4627","1635","5272","1662","2498","1424","11484","2436","53641","6322","27566","5129","26075","3107",
"5001800US0601","Congressional District 1 (118th Congress), California","755464","3429","485552","6836","13909","2364","13654","2322","46055","2814","1713","1127","90558","7454","104023","7717","57823","6758","46200","4378",
"5001800US0602","Congressional District 2 (118th Congress), California","743918","7978","497396","7368","12476","2285","14902","3118","31928","2467","1130","615","66465","7997","119621","9300","73117","7989","46504","4458",
"5001800US0603","Congressional District 3 (118th Congress), California","788130","8560","548478","8932","14393","2102","6395","1410","71996","5401","1321","259","37073","5283","108474","7798","65429","6642","43045","4685",
"5001800US0604","Congressional District 4 (118th Congress), California","761543","7574","420918","10883","25326","3953","10079","2606","71914","4444","1880","972","118131","11622","113295","10175","70920","8430","42375","5278",
"5001800US0605","Congressional District 5 (118th Congress), California","782849","16635","474330","12871","21346","3872","12169","3986","47629","5670","2978","1379","79995","9662","144402","11564","98616","10215","45786","5871",
"5001800US0606","Congressional District 6 (118th Congress), California","747786","16346","361326","11356","69339","7527","6583","1727","88871","10265","6016","3375","94432","10996","121219","11771","58565","7497","62654","8447",
"5001800US0607","Congressional District 7 (118th Congress), California","762568","15782","262636","10294","75262","6907","12908","5514","181798","11069","13889","3395","103240","10653","112835","9278","54751","6138","58084","6702",
"5001800US0608","Congressional District 8 (118th Congress), California","752009","9402","195221","8109","101174","6972","9405","3304","143826","8405","7447","2103","155057","13057","139879","11754","92468","10596","47411","5721",
"5001800US0609","Congressional District 9 (118th Congress), California","770568","5013","250447","7844","56246","4185","13735","3599","139521","5709","4488","1185","170781","12200","135350","11580","90821","8978","44529","6183",
"5001800US0610","Congressional District 10 (118th Congress), California","746449","9766","365812","8104","36680","5883","5651","2382","171385","8474","1232","887","55908","7074","109781","10259","54697","8423","55084","6761",
"5001800US0611","Congressional District 11 (118th Congress), California","701735","8511","300729","4272","33499","2690","5784","2625","229021","7363","2128","867","46517","5641","84057","7139","39952","5442","44105","4292",
"5001800US0612","Congressional District 12 (118th Congress), California","734171","5115","250759","6764","108979","6864","8340","2723","152401","8434","3093","1621","106458","10404","104141","8509","47177","6995","56964","4772",
"5001800US0613","Congressional District 13 (118th Congress), California","784322","14343","205564","10427","19987","3050","13871","3962","56674","6061","6300","2432","281128","16108","200798","15492","173725","15038","27073","4000",
"5001800US0614","Congressional District 14 (118th Congress), California","725962","8314","197193","7316","39404","5901","6942","2342","293511","10447","8840","2367","99798","10015","80274","8804","42929","6356","37345","5806",
"5001800US0615","Congressional District 15 (118th Congress), California","721009","11071","217274","7834","19465","2995","9639","3630","278481","8142","8539","1898","99035","8621","88576","6647","52036","5988","36540","4113",
"5001800US0616","Congressional District 16 (118th Congress), California","748899","14783","323305","9376","11906","2215","6123","2404","236987","9022","6259","1823","69172","9466","95147","8763","55556","6931","39591","4640",
"5001800US0617","Congressional District 17 (118th Congress), California","744019","12624","159798","7941","19104","4060","4139","1659","435958","11902","483","441","63886","8479","60651","8026","33759","6747","26892","3728",
"5001800US0618","Congressional District 18 (118th Congress), California","743048","17338","178140","10451","14481","2656","15328","5313","80123","9032","3116","2269","270763","13117","181097","13600","153626","12708","27471","5047",
"5001800US0619","Congressional District 19 (118th Congress), California","725878","17005","362741","9399","16137","3039","5682","2053","145180","8624","3298","2476","83417","10113","109423","8626","72537","8449","36886","4128",
"5001800US0620","Congressional District 20 (118th Congress), California","794847","15671","419834","12763","27316","5351","10484","2944","68407","7801","1402","616","110061","11730","157343","13903","112805","12618","44538","6565",
"5001800US0621","Congressional District 21 (118th Congress), California","749912","14482","207754","12201","30181","4027","15370","3343","71198","6533","617","478","238428","15280","186364","15146","160595","13530","25769","4525",
"5001800US0622","Congressional District 22 (118th Congress), California","774942","12642","205115","11197","35746","4813","15840","3313","26311","3719","1234","444","273665","14701","217031","12923","199894","12137","17137","2687",
"5001800US0623","Congressional District 23 (118th Congress), California","768047","12631","341438","11397","71819","8586","12736","2866","35129","4765","2478","2042","128042","11592","176405","12787","134480","11249","41925","5788",
"5001800US0624","Congressional District 24 (118th Congress), California","761285","6122","423957","9363","11916","1806","16624","3899","40103","3479","724","470","91471","10354","176490","11433","137149","9949","39341","4754",
"5001800US0625","Congressional District 25 (118th Congress), California","779900","8109","218670","12269","26431","5078","15914","4109","25177","4477","2098","1227","233851","15281","257759","15243","221526","13177","36233","6723",
"5001800US0626","Congressional District 26 (118th Congress), California","739517","8500","372401","10671","15102","2249","10274","3537","58092","4083","1584","452","92354","10787","189710","10745","150969","9758","38741","4746",
"5001800US0627","Congressional District 27 (118th Congress), California","736850","10868","283789","13557","70091","9234","11652","4443","83139","7950","2825","1548","125169","12539","160185","12412","128330","11655","31855","5441",
"5001800US0628","Congressional District 28 (118th Congress), California","746863","13086","211339","9237","25432","4566","11225","3264","286040","11650","1526","1057","108917","11022","102384","9888","71048","8951","31336","3924",
"5001800US0629","Congressional District 29 (118th Congress), California","719359","22325","180391","11008","31229","6042","9809","2741","53524","6756","1899","1484","231085","17414","211422","15814","190119","15014","21303","4200",
"5001800US0630","Congressional District 30 (118th Congress), California","745825","14051","423362","13537","32298","4781","7041","2579","94779","7941","512","493","86169","8581","101664","8910","63780","7653","37884","4514",
"5001800US0631","Congressional District 31 (118th Congress), California","717084","11507","149837","9339","20267","4715","14136","4031","139825","8626","1987","1923","224561","13865","166471","11596","142367","11288","24104","4621",
"5001800US0632","Congressional District 32 (118th Congress), California","760602","18302","396315","13545","35183","5323","5085","2020","108742","10721","859","773","116640","12024","97778","10647","59769","8143","38009","5095",
"5001800US0633","Congressional District 33 (118th Congress), California","763598","13556","175097","11986","67222","8334","8959","2589","56570","6181","3874","1958","309203","14926","142673","10200","113945","9814","28728","4517",
"5001800US0634","Congressional District 34 (118th Congress), California","714948","21766","119958","7574","31081","3948","18715","4243","128402","9164","717","578","281643","17072","134432","13085","105934","10403","28498","5950",
"5001800US0635","Congressional District 35 (118th Congress), California","749769","12483","143815","9861","47439","6641","12132","2967","100564","9832","2288","1681","291940","16843","151591","10578","129291","10426","22300","3283",
"5001800US0636","Congressional District 36 (118th Congress), California","742266","15894","417544","14150","31375","4940","2290","848","132308","9250","669","550","50352","6927","107728","9504","50617","6352","57111","6950",
"5001800US0637","Congressional District 37 (118th Congress), California","735660","19740","120145","8022","160987","10882","12828","4198","53456","6105","1015","955","232605","15411","154624","13958","128357","12648","26267","4271",
"5001800US0638","Congressional District 38 (118th Congress), California","723495","13063","144277","9776","18607","4111","13599","3365","158980","9022","1636","875","254994","17648","131402","10105","111373","9622","20029","4116",
"5001800US0639","Congressional District 39 (118th Congress), California","767217","7810","195293","10578","64305","8048","14462","4283","47133","6900","3130","2095","295132","15742","147762","14288","119932","13700","27830","4895",
"5001800US0640","Congressional District 40 (118th Congress), California","755867","11084","373683","12007","18988","4963","3089","1322","152897","10747","1043","638","81710","11327","124457","11255","85698","10525","38759","5416",
"5001800US0641","Congressional District 41 (118th Congress), California","811664","12898","365127","12614","46151","6958","12759","7029","64114","6881","2359","1580","144843","13162","176311","13053","125984","12657","50327","8033",
"5001800US0642","Congressional District 42 (118th Congress), California","711011","14838","203728","10860","40197","5758","15558","4751","52162","6380","2229","1046","194913","14333","202224","12182","175602","11457","26622","4282",
"5001800US0643","Congressional District 43 (118th Congress), California","716670","19213","85397","8168","150313","10691","14000","3884","62330","5074","2525","2642","235138","16610","166967","13817","146054","13206","20913","4001",
"5001800US0644","Congressional District 44 (118th Congress), California","737874","16814","159795","12237","71888","8472","13239","3902","84284","7666","2623","1022","256213","16185","149832","12218","117920","10341","31912","4795",
"5001800US0645","Congressional District 45 (118th Congress), California","737224","10286","210649","9670","14517","3924","8133","3028","288137","11894","1136","711","94626","10909","120026","9500","90693","9965","29333","3853",
"5001800US0646","Congressional District 46 (118th Congress), California","746079","9151","167179","13496","11701","3181","13689","3991","120678","10299","2616","1226","236332","15998","193884","14889","173700","15200","20184","3463",
"5001800US0647","Congressional District 47 (118th Congress), California","754022","4336","391197","10893","14144","2946","4132","1280","196625","10487","4657","1653","43475","5875","99792","9275","62400","7704","37392","4359",
"5001800US0648","Congressional District 48 (118th Congress), California","740583","15411","421914","13329","31414","5667","9082","2576","61000","8094","2459","1613","79544","9643","135170","11453","88364","10215","46806","6892",
"5001800US0649","Congressional District 49 (118th Congress), California","751418","9869","463454","12924","16975","3102","6671","2769","51434","5741","1984","1240","71435","8189","139465","8647","94720","8413","44745","5663",
"5001800US0650","Congressional District 50 (118th Congress), California","781251","19138","436725","13968","20264","2821","6281","2848","112723","7147","3545","2007","79284","12148","122429","9390","73650","8093","48779","5098",
"5001800US0651","Congressional District 51 (118th Congress), California","748700","15753","358712","11924","44715","6471","6912","4165","126285","10327","3477","1487","68526","7512","140073","12577","85668","10665","54405","6731",
"5001800US0652","Congressional District 52 (118th Congress), California","740517","16286","153742","10840","59382","6552","12903","4820","103044","7900","2904","1649","165160","14377","243382","16318","204596","15208","38786","6618",
"5001800US0801","Congressional District 1 (118th Congress), Colorado","722087","1665","430130","5395","59950","4580","8988","2954","27324","2010","1783","1324","55268","7506","138644","8976","97427","8347","41217","5276",
"5001800US0802","Congressional District 2 (118th Congress), Colorado","721783","7685","568171","8869","7902","1620","3917","1492","25534","2584","826","643","19112","4314","96321","6934","70706","6120","25615","2896",
"5001800US0803","Congressional District 3 (118th Congress), Colorado","730686","3355","556974","8886","6532","943","16225","3021","6682","1109","798","499","46885","6829","96590","7798","65885","7207","30705","3082",
"5001800US0804","Congressional District 4 (118th Congress), Colorado","767791","7975","602798","9672","13637","2852","4980","1981","26596","2765","629","499","30400","5136","88751","6835","54588","5474","34163","3824",
"5001800US0805","Congressional District 5 (118th Congress), Colorado","737347","1461","520143","6122","44722","3470","8571","3620","23497","2717","2338","841","40224","5574","97852","7836","50119","5528","47733","5204",
"5001800US0806","Congressional District 6 (118th Congress), Colorado","730351","6409","424140","9285","69672","4804","8926","3291","40657","3882","2075","666","75974","9289","108907","9642","63481","7969","45426","6215",
"5001800US0807","Congressional District 7 (118th Congress), Colorado","726989","6129","578487","8112","9040","1409","7339","3016","23526","2615","566","301","19300","2996","88731","7105","59618","6542","29113","2879",
"5001800US0808","Congressional District 8 (118th Congress), Colorado","740576","7717","455578","12768","17333","3234","11968","3262","22939","3477","873","667","82813","10464","149072","11406","106700","10412","42372","6762",
"5001800US0901","Congressional District 1 (118th Congress), Connecticut","716454","10360","432829","12172","111082","6802","1072","782","46451","4189","834","750","50188","6006","73998","6841","44877","5520","29121","4559",
"5001800US0902","Congressional District 2 (118th Congress), Connecticut","730400","9295","579968","9626","31213","4388","2933","1203","23143","2517","1306","1534","30299","5648","61538","6495","30350","4652","31188","4737",
"5001800US0903","Congressional District 3 (118th Congress), Connecticut","726058","6916","450179","9401","102851","6957","1521","1047","35307","2717","107","152","66024","6731","70069","7623","43751","6764","26318","4622",
"5001800US0904","Congressional District 4 (118th Congress), Connecticut","721814","6448","421933","8482","81618","6214","4904","2218","47339","3380","330","512","78625","8649","87065","7679","67580","7134","19485","3459",
"5001800US0905","Congressional District 5 (118th Congress), Connecticut","722450","10707","448992","12129","66267","7177","1941","867","23778","3212","1644","2518","80176","9239","99652","9821","70804","9178","28848","5364",
"5001800US1000","Congressional District (at Large) (118th Congress), Delaware","1031890","*****","612368","3909","232161","5947","5247","2901","44464","1767","287","343","53050","6286","84313","8417","46096","6393","38217","5115",
"5001800US1198","Delegate District (at Large) (118th Congress), District of Columbia","678972","*****","263399","2506","277432","6534","1636","594","28224","1330","724","553","34844","6458","72713","7025","31938","4219","40775","5377",
"5001800US1201","Congressional District 1 (118th Congress), Florida","803679","4265","567726","6767","101636","5254","5839","2135","22783","1843","920","810","23723","4488","81052","7571","37756","5805","43296","5491",
"5001800US1202","Congressional District 2 (118th Congress), Florida","799012","4592","517191","5404","173250","4384","3402","1291","17106","1951","202","280","19528","2977","68333","5539","34222","3784","34111","4261",
"5001800US1203","Congressional District 3 (118th Congress), Florida","807523","11123","545716","7626","116952","7074","3249","1418","25205","2296","603","609","28907","5736","86891","8443","51891","6624","35000","6237",
"5001800US1204","Congressional District 4 (118th Congress), Florida","811996","14828","434919","10438","245490","11266","2126","1094","23080","3760","500","422","31911","6864","73970","6886","35571","5900","38399","5114",
"5001800US1205","Congressional District 5 (118th Congress), Florida","837211","14540","558712","12300","94821","10835","1385","763","51920","4159","342","418","27440","5972","102591","10220","63740","8358","38851","5928",
"5001800US1206","Congressional District 6 (118th Congress), Florida","821498","16070","586178","13611","94636","9527","2662","1256","12320","2518","463","454","31537","5732","93702","9756","65749","8970","27953","4453",
"5001800US1207","Congressional District 7 (118th Congress), Florida","802027","6012","508779","10213","78640","5117","1416","712","30043","2392","462","481","63290","8115","119397","7447","85305","7417","34092","5032",
"5001800US1208","Congressional District 8 (118th Congress), Florida","817216","1980","603440","6430","76214","5505","1877","937","19061","1889","545","295","24821","4816","91258","8332","59801","6682","31457","4649",
"5001800US1209","Congressional District 9 (118th Congress), Florida","842005","20269","306803","14183","91423","8438","3959","2566","37546","5448","1448","1122","191912","17284","208914","18633","177996","16974","30918","6039",
"5001800US1210","Congressional District 10 (118th Congress), Florida","784303","20232","308307","12942","201934","14123","2894","1905","37003","4774","670","387","78578","10331","154917","12073","121926","11145","32991","6539",
"5001800US1211","Congressional District 11 (118th Congress), Florida","843676","17612","530571","12613","105064","10773","1790","869","30245","4308","1467","1694","45823","6492","128716","12989","94369","11133","34347","7495",
"5001800US1212","Congressional District 12 (118th Congress), Florida","843806","8875","650184","9935","35468","4929","5558","3594","17881","2598","255","257","31180","6129","103280","8434","69880","7600","33400","4281",
"5001800US1213","Congressional District 13 (118th Congress), Florida","767679","7868","580303","8658","52419","6218","3404","1628","29372","2279","215","163","29051","4670","72915","6654","49052","5494","23863","4445",
"5001800US1214","Congressional District 14 (118th Congress), Florida","784928","20740","408717","13212","123122","10422","2333","1109","29549","4076","608","482","41549","6967","179050","14118","142807","12749","36243","5725",
"5001800US1215","Congressional District 15 (118th Congress), Florida","828431","24595","423515","17052","136334","12010","3894","2284","46256","5016","740","515","70814","10809","146878","10421","109137","8792","37741","6124",
"5001800US1216","Congressional District 16 (118th Congress), Florida","850603","18973","530240","13195","92471","8883","5174","2824","28592","4412","1260","1058","51369","9919","141497","14080","110978","12907","30519","5449",
"5001800US1217","Congressional District 17 (118th Congress), Florida","851634","9279","653129","8856","43606","4977","2996","1750","13624","1657","1016","953","24864","4995","112399","9608","92060","9166","20339","2853",
"5001800US1218","Congressional District 18 (118th Congress), Florida","853391","15411","488697","11043","107104","7586","6322","2094","15685","2022","318","315","95171","10090","140094","11410","116673","10316","23421","4454",
"5001800US1219","Congressional District 19 (118th Congress), Florida","809197","12201","568123","11397","59703","5524","12504","5248","14456","1463","231","278","28332","5315","125848","10883","105488","9932","20360","4056",
"5001800US1220","Congressional District 20 (118th Congress), Florida","803297","17214","173826","11631","402735","16368","2160","1251","18445","4597","1376","714","55029","8136","149726","11274","118039","10890","31687","6537",
"5001800US1221","Congressional District 21 (118th Congress), Florida","820276","9525","542434","11382","112116","7306","2611","1439","15481","2766","289","318","34562","5761","112783","10586","88987","8158","23796","5271",
"5001800US1222","Congressional District 22 (118th Congress), Florida","773713","14492","394791","11696","130646","11049","1934","981","22048","4148","214","356","94504","9597","129576","10192","108734","9848","20842","5101",
"5001800US1223","Congressional District 23 (118th Congress), Florida","780374","16413","434054","13746","95915","10521","2038","1004","32882","5827","152","289","52179","8701","163154","13130","135335","12760","27819","4007",
"5001800US1224","Congressional District 24 (118th Congress), Florida","772726","17019","186836","8502","309602","11751","1178","625","12013","2818","554","516","75650","8877","186893","13556","171523","12939","15370","3223",
"5001800US1225","Congressional District 25 (118th Congress), Florida","779002","10353","286522","12668","124017","12255","1650","881","38994","4789","368","449","60289","9435","267162","15073","229522","13405","37640","7215",
"5001800US1226","Congressional District 26 (118th Congress), Florida","809482","15020","255575","11408","43579","4765","8523","3334","9519","2352","465","470","83432","9452","408389","14166","397787","14397","10602","2605",
"5001800US1227","Congressional District 27 (118th Congress), Florida","746930","17819","232902","12571","45198","5930","2671","1077","16654","2589","0","243","67379","7278","382126","15952","362558","15486","19568","3437",
"5001800US1228","Congressional District 28 (118th Congress), Florida","765111","17620","264644","16477","68092","8450","2464","1485","12110","2979","158","260","80335","9351","337308","16252","322233","15528","15075","3509",
"5001800US1301","Congressional District 1 (118th Congress), Georgia","799549","3696","464561","5624","220793","6369","2945","1288","13758","1525","463","141","29513","4164","67516","6749","26568","3805","40948","5152",
"5001800US1302","Congressional District 2 (118th Congress), Georgia","757219","8571","292141","6727","378236","8392","2494","1441","12041","2164","858","780","23959","4879","47490","5825","16647","3350","30843","4568",
"5001800US1303","Congressional District 3 (118th Congress), Georgia","793606","8347","506791","7113","185091","8155","3623","2467","15447","2205","202","224","28439","6158","54013","5713","24384","3941","29629","4461",
"5001800US1304","Congressional District 4 (118th Congress), Georgia","764506","10655","191660","5308","400540","11295","5197","2528","45576","3085","683","720","35139","6272","85711","8502","51720","6472","33991","4573",
"5001800US1305","Congressional District 5 (118th Congress), Georgia","774627","11882","280943","8437","377808","13160","1896","1282","33295","4274","0","226","20376","5950","60309","7384","28646","4685","31663","5566",
"5001800US1306","Congressional District 6 (118th Congress), Georgia","797492","9651","500122","9924","70617","7690","2318","989","106808","4408","79","155","30546","5970","87002","7844","52577","5411","34425","5400",
"5001800US1307","Congressional District 7 (118th Congress), Georgia","778113","12951","228769","11739","225175","10246","3402","1714","116169","6155","875","574","103944","9202","99779","9936","70462","8998","29317","5500",
"5001800US1308","Congressional District 8 (118th Congress), Georgia","778270","7756","462653","7241","226413","8503","3830","1813","10842","1687","550","585","25406","4087","48576","6946","19764","4596","28812","5269",
"5001800US1309","Congressional District 9 (118th Congress), Georgia","810092","13174","527867","9340","85024","10757","4320","1575","48009","5492","11","28","44282","6490","100579","7915","63301","7521","37278","4487",
"5001800US1310","Congressional District 10 (118th Congress), Georgia","833978","9499","514536","7797","204977","10244","4701","3483","20239","1841","1088","1563","25864","4758","62573","7303","34820","5269","27753","4681",
"5001800US1311","Congressional District 11 (118th Congress), Georgia","791779","10798","507347","9490","117343","8465","5623","3661","29909","3195","757","1207","47737","8319","83063","8800","45318","6686","37745","5168",
"5001800US1312","Congressional District 12 (118th Congress), Georgia","779898","4033","406910","4890","285228","5132","2813","1504","14939","1795","3437","3022","22625","3425","43946","5569","16271","3100","27675","4112",
"5001800US1313","Congressional District 13 (118th Congress), Georgia","773905","14243","122870","7823","509083","13508","3513","2082","24289","2363","774","917","53282","9841","60094","8712","33685","6745","26409","5101",
"5001800US1314","Congressional District 14 (118th Congress), Georgia","796193","7923","541702","5679","110224","6941","5260","2519","8583","1205","271","225","61611","7260","68542","6798","31775","5327","36767","4681",
"5001800US1501","Congressional District 1 (118th Congress), Hawaii","723269","10952","112774","4567","13073","2547","1396","795","353639","8547","57776","5913","11900","3102","172711","8336","11113","2614","161598","7996",
"5001800US1502","Congressional District 2 (118th Congress), Hawaii","711869","10952","201760","4678","11028","2459","1337","606","173045","7859","77765","6599","14738","2747","232196","9667","20655","3765","211541","8860",
"5001800US1601","Congressional District 1 (118th Congress), Idaho","1008961","5140","830248","9847","7404","2179","10935","2439","13610","1622","1109","658","42432","5009","103223","9525","64928","9222","38295","2945",
"5001800US1602","Congressional District 2 (118th Congress), Idaho","955765","5140","774900","8314","9267","2076","10671","1895","13307","2300","2642","1155","56709","8122","88269","7472","55904","7192","32365","2848",
"5001800US1701","Congressional District 1 (118th Congress), Illinois","751575","21906","278207","9092","358230","16918","2274","1306","15755","3539","204","222","37584","7231","59321","10512","28200","5455","31121","10146",
"5001800US1702","Congressional District 2 (118th Congress), Illinois","720502","16747","261527","9438","327303","15029","5173","3279","7580","1716","222","232","57407","9917","61290","8881","35615","6112","25675","5644",
"5001800US1703","Congressional District 3 (118th Congress), Illinois","720148","21274","327887","16156","37826","6686","11171","3856","51992","5047","594","667","151651","14026","139027","11548","115865","10181","23162","4091",
"5001800US1704","Congressional District 4 (118th Congress), Illinois","704764","18895","219559","13145","38477","7078","18345","4374","31735","5710","509","497","226648","14870","169491","14824","152705","13921","16786","3657",
"5001800US1705","Congressional District 5 (118th Congress), Illinois","754102","16515","538787","12506","23976","4753","3787","1971","78009","6551","542","397","37646","5828","71355","8340","39254","5665","32101","4899",
"5001800US1706","Congressional District 6 (118th Congress), Illinois","725829","11898","536193","13318","39913","6988","1500","858","41518","5718","138","154","38361","5865","68206","7221","49689","6363","18517","3612",
"5001800US1707","Congressional District 7 (118th Congress), Illinois","732352","23440","243437","15114","285608","14465","2450","1355","68917","7744","194","103","63912","10551","67834","10292","43755","8706","24079","4567",
"5001800US1708","Congressional District 8 (118th Congress), Illinois","730604","11094","402326","11521","33338","5747","8127","2824","97118","7969","447","575","82978","10296","106270","9267","77547","6893","28723","5284",
"5001800US1709","Congressional District 9 (118th Congress), Illinois","742949","17005","443844","14406","62256","7814","3883","2004","110619","11341","292","419","48260","9657","73795","9180","43122","7582","30673","5554",
"5001800US1710","Congressional District 10 (118th Congress), Illinois","746076","7783","444572","12490","44659","3363","6706","3170","63886","4494","842","776","86359","9666","99052","9309","68551","9051","30501","4404",
"5001800US1711","Congressional District 11 (118th Congress), Illinois","761048","11757","492294","11196","41829","5503","4495","1974","67356","6654","431","711","54460","7321","100183","9498","78221","8339","21962","3431",
"5001800US1712","Congressional District 12 (118th Congress), Illinois","749426","5302","655250","5097","40221","4478","1117","423","6392","958","41","75","7715","2086","38690","3489","13333","2186","25357","2829",
"5001800US1713","Congressional District 13 (118th Congress), Illinois","725183","10597","483457","9490","137911","5325","2282","1274","29995","2307","591","523","12993","4270","57954","5880","19450","3485","38504","4864",
"5001800US1714","Congressional District 14 (118th Congress), Illinois","755370","8406","455192","8097","71993","5813","5996","2035","44783","3211","36","58","60396","6970","116974","8071","83131","7438","33843","4976",
"5001800US1715","Congressional District 15 (118th Congress), Illinois","745893","9342","677558","8581","18635","2513","1147","534","7014","1806","138","147","8085","2443","33316","3088","13684","2529","19632","2143",
"5001800US1716","Congressional District 16 (118th Congress), Illinois","755171","10504","646243","9121","17300","3380","2508","1400","19494","2399","67","106","18443","4552","51116","5353","30460","4132","20656","3109",
"5001800US1717","Congressional District 17 (118th Congress), Illinois","728697","7385","511416","7416","92484","5816","6378","2253","14498","2551","564","481","27078","4577","76279","6798","36463","4787","39816","4564",
"5001800US1801","Congressional District 1 (118th Congress), Indiana","757933","3403","479327","5273","130766","4534","2423","1325","12087","1013","112","113","53530","5303","79688","5339","53545","4688","26143","4627",
"5001800US1802","Congressional District 2 (118th Congress), Indiana","750086","4550","578649","5979","46939","3882","3261","2328","12099","1001","725","566","46168","4163","62245","5343","35657","4548","26588","3646",
"5001800US1803","Congressional District 3 (118th Congress), Indiana","764836","3092","621759","3953","41572","3267","2284","1296","21824","1827","395","497","19484","3192","57518","4652","27029","3659","30489","3881",
"5001800US1804","Congressional District 4 (118th Congress), Indiana","778072","2309","639531","4200","34933","2756","3217","1791","26560","1823","137","247","14626","3710","59068","5945","32012","4614","27056","3431",
"5001800US1805","Congressional District 5 (118th Congress), Indiana","781999","1571","644386","3878","38126","2660","1632","901","30252","2698","1662","1860","9234","2441","56707","5028","22552","3061","34155","3724",
"5001800US1806","Congressional District 6 (118th Congress), Indiana","764477","3704","607394","9813","44845","8255","1324","965","39758","3798","0","208","22487","3368","48669","6644","19258","3943","29411","4849",
"5001800US1807","Congressional District 7 (118th Congress), Indiana","747195","791","352508","7960","235571","10201","5584","3497","16796","2784","200","234","57923","8260","78613","11902","43046","8049","35567","7103",
"5001800US1808","Congressional District 8 (118th Congress), Indiana","756642","1442","667785","3158","25966","2710","1795","797","7782","885","429","291","12863","3052","40022","3964","13368","2246","26654","2944",
"5001800US1809","Congressional District 9 (118th Congress), Indiana","760959","3240","669367","3947","16705","1982","1959","1195","15391","1357","485","438","13423","3250","43629","3916","15984","3580","27645","2682",
"5001800US1901","Congressional District 1 (118th Congress), Iowa","798244","1704","678461","2941","32699","3087","1705","832","16406","1454","649","478","16046","3038","52278","4718","21382","3170","30896","3409",
"5001800US1902","Congressional District 2 (118th Congress), Iowa","791219","1693","689729","2911","33282","3121","2719","797","11636","1892","1375","1401","9984","1917","42494","4513","17835","3002","24659","4182",
"5001800US1903","Congressional District 3 (118th Congress), Iowa","821239","2652","660816","5215","44462","3454","3349","1737","32097","1810","927","749","26211","4353","53377","6640","25649","5194","27728","4451",
"5001800US1904","Congressional District 4 (118th Congress), Iowa","796302","2398","672307","4924","18438","1521","4942","1490","15667","1620","1474","515","22715","3722","60759","5231","37863","4521","22896","2645",
"5001800US2001","Congressional District 1 (118th Congress), Kansas","726249","2287","568186","4628","21471","1953","7067","1543","12480","1549","346","368","33611","4083","83088","5637","53544","5275","29544","3057",
"5001800US2002","Congressional District 2 (118th Congress), Kansas","725930","7474","539541","5548","50352","3260","6516","1291","14217","1254","2372","1953","30687","4597","82245","6409","39476","5355","42769","4050",
"5001800US2003","Congressional District 3 (118th Congress), Kansas","749221","6596","577717","4799","39380","3442","4074","1889","27805","2564","728","478","21385","3895","78132","5361","45825","4385","32307","3703",
"5001800US2004","Congressional District 4 (118th Congress), Kansas","739147","2100","546490","5226","45839","3546","6360","1305","22746","1688","456","459","30957","5715","86299","7363","45871","6542","40428","5495",
"5001800US2101","Congressional District 1 (118th Congress), Kentucky","750693","4304","640577","4617","46624","4230","1969","834","4188","928","1131","723","11231","2398","44973","4235","13119","2489","31854","3701",
"5001800US2102","Congressional District 2 (118th Congress), Kentucky","775707","7888","655314","6807","43492","4696","3498","1842","12222","2093","148","204","12570","3251","48463","5058","16648","4166","31815","3686",
"5001800US2103","Congressional District 3 (118th Congress), Kentucky","733409","6703","460195","5235","153631","7444","1311","572","21355","2430","225","136","18014","4523","78678","7772","37972","5265","40706","6171",
"5001800US2104","Congressional District 4 (118th Congress), Kentucky","768776","4620","672575","5953","24993","2625","1617","1025","7434","1022","331","278","12699","2900","49127","3707","22843","3139","26284","2927",
"5001800US2105","Congressional District 5 (118th Congress), Kentucky","738681","3679","693249","5062","11664","1465","1088","677","3000","1028","626","494","2391","897","26663","3097","10137","2864","16526","1558",
"5001800US2106","Congressional District 6 (118th Congress), Kentucky","758888","4002","613932","5255","57478","3733","2315","1036","16124","960","108","140","18430","4331","50501","4652","19359","3695","31142","3800",
"5001800US2201","Congressional District 1 (118th Congress), Louisiana","770713","11557","523826","9428","98428","7615","13799","3138","17109","2522","284","345","22478","4992","94789","8502","61397","6842","33392","5577",
"5001800US2202","Congressional District 2 (118th Congress), Louisiana","742904","14389","200225","8260","436861","12225","4697","2885","18030","2783","258","398","30200","6164","52633","6029","28255","3953","24378","4449",
"5001800US2203","Congressional District 3 (118th Congress), Louisiana","762638","2387","499235","3697","172761","5700","2695","996","11853","988","2085","2122","9456","2863","64553","6395","37658","4452","26895","4190",
"5001800US2204","Congressional District 4 (118th Congress), Louisiana","757390","1443","428398","2708","257626","3967","4893","736","7909","1027","1574","1283","12336","3153","44654","4230","19989","2792","24665","3617",
"5001800US2205","Congressional District 5 (118th Congress), Louisiana","754781","6355","446617","7229","246010","7007","5293","2942","6119","978","54","89","9905","1975","40783","5540","15816","3460","24967","4149",
"5001800US2206","Congressional District 6 (118th Congress), Louisiana","785323","11479","495777","7283","173469","10723","6091","2198","19123","1582","265","317","27605","6759","62993","7865","29959","4413","33034","6421",
"5001800US2301","Congressional District 1 (118th Congress), Maine","700340","4722","621698","7037","13431","1884","1431","722","9542","1341","263","318","4455","1600","49520","5842","28528","4868","20992","2378",
"5001800US2302","Congressional District 2 (118th Congress), Maine","695382","4722","635792","5144","11369","970","4633","1123","6336","826","469","306","4100","924","32683","3148","14263","2595","18420","1768",
"5001800US2401","Congressional District 1 (118th Congress), Maryland","782957","5047","568571","6068","116446","4831","1260","868","19382","2246","0","225","18598","4482","58700","5915","25622","4231","33078","4438",
"5001800US2402","Congressional District 2 (118th Congress), Maryland","767891","14288","462465","8098","180570","10457","1242","580","44914","2915","518","457","24090","6832","54092","7639","24178","5980","29914","4854",
"5001800US2403","Congressional District 3 (118th Congress), Maryland","778152","11056","447780","9011","125636","7096","3999","1923","86642","3251","100","140","46931","6800","67064","7524","23898","3929","43166","6270",
"5001800US2404","Congressional District 4 (118th Congress), Maryland","723299","15277","83207","6006","389446","14398","8381","3580","34509","2935","819","1372","135781","10820","71156","11073","46229","9510","24927","4543",
"5001800US2405","Congressional District 5 (118th Congress), Maryland","812172","18363","341748","9618","345346","16757","3531","2587","23424","2857","659","698","30145","5721","67319","6322","24860","3727","42459","5915",
"5001800US2406","Congressional District 6 (118th Congress), Maryland","799719","11404","480232","8566","97791","7141","7161","4059","72743","5455","500","561","64682","9716","76610","7419","39941","6222","36669","4437",
"5001800US2407","Congressional District 7 (118th Congress), Maryland","744512","13752","223413","7280","410382","10148","4952","3413","22632","2757","63","107","40002","8106","43068","5661","15956","4346","27112","3956",
"5001800US2408","Congressional District 8 (118th Congress), Maryland","771551","11840","350014","8361","138017","7321","3018","1835","104976","5750","437","339","79552","9973","95537","8500","50810","6564","44727","6124",
"5001800US2501","Congressional District 1 (118th Congress), Massachusetts","767012","8900","554663","10509","47495","3645","2310","1260","16029","1830","340","296","46870","7200","99305","9343","69015","7331","30290","5655",
"5001800US2502","Congressional District 2 (118th Congress), Massachusetts","798884","12578","571077","14629","35671","4904","2343","1743","60051","3955","253","311","37369","6577","92120","8518","65452","7504","26668","4354",
"5001800US2503","Congressional District 3 (118th Congress), Massachusetts","767022","11107","466145","12917","38514","6897","1418","1145","66319","6940","5","10","105175","10254","89446","9185","66666","8162","22780","4200",
"5001800US2504","Congressional District 4 (118th Congress), Massachusetts","783039","9347","595417","12693","30656","4718","1701","1021","56435","6095","205","265","31173","6798","67452","7114","41621","6342","25831","3080",
"5001800US2505","Congressional District 5 (118th Congress), Massachusetts","776923","10719","497931","11810","43449","5081","2989","1894","100173","6671","513","539","40922","6558","90946","8954","58247","7191","32699","5225",
"5001800US2506","Congressional District 6 (118th Congress), Massachusetts","785015","6978","603373","9763","28248","2958","2436","1815","35574","3840","217","182","43092","6423","72075","8730","45620","6473","26455","5981",
"5001800US2507","Congressional District 7 (118th Congress), Massachusetts","744098","11321","298029","9625","160157","9723","1778","1039","85040","5452","1153","885","71440","8091","126501","9250","81909","8679","44592","5318",
"5001800US2508","Congressional District 8 (118th Congress), Massachusetts","791775","11603","510642","11610","85008","7322","1443","940","85366","5846","120","198","40494","7191","68702","7102","44192","6042","24510","4383",
"5001800US2509","Congressional District 9 (118th Congress), Massachusetts","787631","7718","653690","9700","23389","4047","3340","1494","10626","2822","349","497","30006","5685","66231","7108","45902","6248","20329","3439",
"5001800US2601","Congressional District 1 (118th Congress), Michigan","786329","1187","705951","2523","8204","843","18690","1486","3328","734","34","65","6259","1186","43863","2528","16468","2049","27395","1625",
"5001800US2602","Congressional District 2 (118th Congress), Michigan","791423","7804","701667","8399","14053","2235","5378","918","5415","1290","178","163","11358","2089","53374","3699","25461","3294","27913","2672",
"5001800US2603","Congressional District 3 (118th Congress), Michigan","771917","8876","554461","11447","86849","4180","3026","1280","22034","2230","102","143","23674","5303","81771","7455","46327","6272","35444","5132",
"5001800US2604","Congressional District 4 (118th Congress), Michigan","777277","7742","600393","7075","58167","3838","4341","2180","19242","1465","186","328","32361","4459","62587","5500","34045","4300","28542","3372",
"5001800US2605","Congressional District 5 (118th Congress), Michigan","775722","6319","665958","5872","30817","2950","2176","1039","6573","886","232","331","10870","2163","59096","5015","30313","3937","28783","2951",
"5001800US2606","Congressional District 6 (118th Congress), Michigan","764009","7188","536366","10723","73408","6663","1836","700","81880","4696","64","97","9816","2764","60639","5421","28544","3650","32095","4175",
"5001800US2607","Congressional District 7 (118th Congress), Michigan","781761","3985","637908","5990","43622","3554","1918","673","29625","2867","215","352","12488","2699","55985","4635","28637","3436","27348","3402",
"5001800US2608","Congressional District 8 (118th Congress), Michigan","766628","1695","589551","3155","116049","3360","2198","740","7870","906","158","149","8250","2453","42552","4544","16590","2482","25962","3626",
"5001800US2609","Congressional District 9 (118th Congress), Michigan","769261","8839","684510","9624","20427","4883","1091","505","11519","2108","107","114","11604","2309","40003","4641","18825","3948","21178","2999",
"5001800US2610","Congressional District 10 (118th Congress), Michigan","769945","6844","550889","8131","104101","4366","2585","1410","51258","3673","628","936","8161","2129","52323","5500","19442","3514","32881","4067",
"5001800US2611","Congressional District 11 (118th Congress), Michigan","769154","6378","525908","8008","101641","6266","609","339","66574","4522","450","544","15425","3996","58547","6261","28786","4012","29761","4646",
"5001800US2612","Congressional District 12 (118th Congress), Michigan","740559","12695","355438","10298","319103","13911","1820","974","13936","2637","153","249","6244","1975","43865","5594","16983","3660","26882","4537",
"5001800US2613","Congressional District 13 (118th Congress), Michigan","773276","13210","296801","9161","344169","12490","4938","2262","21113","3544","557","820","37843","5852","67855","8606","35390","5653","32465","5928",
"5001800US2701","Congressional District 1 (118th Congress), Minnesota","713000","1694","590545","3280","28149","2377","3859","1349","22055","1548","160","287","23758","3363","44474","3557","25911","2815","18563","2605",
"5001800US2702","Congressional District 2 (118th Congress), Minnesota","733289","3556","550310","5470","55413","4368","3622","1223","40015","2613","143","135","28545","5244","55241","5600","24639","4330","30602","4333",
"5001800US2703","Congressional District 3 (118th Congress), Minnesota","699786","7383","494677","9893","72035","10682","3542","1640","61853","4913","63","102","18232","4283","49384","6295","16160","4178","33224","5023",
"5001800US2704","Congressional District 4 (118th Congress), Minnesota","699739","4392","444756","5873","75599","3688","4015","1298","95555","3016","431","440","25043","3911","54340","4682","24240","3828","30100","3881",
"5001800US2705","Congressional District 5 (118th Congress), Minnesota","702050","7171","437170","10337","118780","10236","5290","1897","37569","4059","298","410","28824","5564","74119","7230","33912","6169","40207","5002",
"5001800US2706","Congressional District 6 (118th Congress), Minnesota","747036","6029","614139","5928","44513","4827","2553","846","24463","3131","258","291","13428","3398","47682","6087","22261","4832","25421","3186",
"5001800US2707","Congressional District 7 (118th Congress), Minnesota","715239","3763","632487","4511","8433","1217","5379","982","8407","2135","1977","1353","16258","2244","42298","2840","22794","2346","19504","1734",
"5001800US2708","Congressional District 8 (118th Congress), Minnesota","727776","3865","635118","4539","10005","1889","25271","1516","8505","1583","347","211","7894","1818","40636","2698","13610","1834","27026","2193",
"5001800US2801","Congressional District 1 (118th Congress), Mississippi","745641","2669","473560","3059","201709","6570","2706","1487","5958","1050","269","351","22094","5341","39345","5930","8199","1811","31146","5524",
"5001800US2802","Congressional District 2 (118th Congress), Mississippi","701580","5661","223113","3912","438722","8298","2137","1032","4175","1370","71","137","7433","2170","25929","4721","7365","2251","18564","4649",
"5001800US2803","Congressional District 3 (118th Congress), Mississippi","740675","6398","431826","4254","246188","7893","8342","1939","8200","1193","1041","1195","11379","3185","33699","4961","12496","3064","21203","3925",
"5001800US2804","Congressional District 4 (118th Congress), Mississippi","751794","3215","506745","4598","160726","5173","2044","1154","9516","1751","53","79","18828","3883","53882","5168","20015","2943","33867","4864",
"5001800US2901","Congressional District 1 (118th Congress), Missouri","741792","10292","320997","8707","328051","8132","2190","1288","26949","3551","142","162","16699","4764","46764","5741","14875","2303","31889","5485",
"5001800US2902","Congressional District 2 (118th Congress), Missouri","764420","12115","637233","10324","28303","5891","1020","527","35246","3789","107","178","7458","2597","55053","5452","30731","4961","24322","3317",
"5001800US2903","Congressional District 3 (118th Congress), Missouri","781181","10579","664044","10825","35663","3820","2200","792","18213","2387","158","199","8677","2049","52226","5441","22389","4104","29837","4368",
"5001800US2904","Congressional District 4 (118th Congress), Missouri","788949","8229","677520","9080","36907","4116","2019","809","6814","1664","1324","902","9428","1919","54937","3935","21665","2939","33272","2897",
"5001800US2905","Congressional District 5 (118th Congress), Missouri","760843","6500","465198","7863","167905","5888","3070","1217","15480","1925","2515","843","29777","5587","76898","7892","42400","5779","34498","4266",
"5001800US2906","Congressional District 6 (118th Congress), Missouri","785446","6414","684726","6062","29874","4063","2016","862","8874","2073","939","596","11602","2630","47415","3429","19678","2413","27737","2678",
"5001800US2907","Congressional District 7 (118th Congress), Missouri","790923","3756","679174","6220","13086","2138","5520","1149","10698","1768","3421","868","20159","4366","58865","4705","22733","3478","36132","3048",
"5001800US2908","Congressional District 8 (118th Congress), Missouri","782602","5587","689275","6125","29020","2452","1462","525","6056","1457","1398","1266","4892","1510","50499","5091","21092","3759","29407","2899",
"5001800US3001","Congressional District 1 (118th Congress), Montana","576553","1210","495286","3221","1971","637","23310","2059","5011","992","223","223","8389","1971","42363","3397","17823","2860","24540","2252",
"5001800US3002","Congressional District 2 (118th Congress), Montana","556259","1210","463369","2717","2796","799","40383","1778","4255","842","104","130","6158","1676","39194","3322","16420","2401","22774","2550",
"5001800US3101","Congressional District 1 (118th Congress), Nebraska","659725","5459","524968","5800","19360","2571","5375","1433","17366","2749","233","295","27997","4026","64426","5644","33161","4547","31265","3462",
"5001800US3102","Congressional District 2 (118th Congress), Nebraska","664285","4384","469734","5904","61457","4426","5821","2319","27975","2798","28","40","34359","6069","64911","6895","31529","5166","33382","4422",
"5001800US3103","Congressional District 3 (118th Congress), Nebraska","654369","3116","541622","4468","9289","1918","10288","1637","3440","1220","169","201","40083","4822","49478","3457","31938","3287","17540","1755",
"5001800US3201","Congressional District 1 (118th Congress), Nevada","788277","16271","339634","11489","80036","10025","7711","2233","66657","8262","2509","1173","172056","14448","119674","10829","68957","8025","50717","7041",
"5001800US3202","Congressional District 2 (118th Congress), Nevada","793631","1468","534246","8107","13848","1812","15855","2732","35551","2093","5173","2254","59833","7527","129125","9120","83912","7998","45213","5020",
"5001800US3203","Congressional District 3 (118th Congress), Nevada","796395","19415","362261","12403","73907","9201","8338","3099","146359","8397","10662","2715","60783","7769","134085","11830","71289","8949","62796","6772",
"5001800US3204","Congressional District 4 (118th Congress), Nevada","815873","16130","354960","13845","130884","10693","11653","2856","43697","5524","6109","2903","126331","9567","142239","10727","86988","8259","55251","6417",
"5001800US3301","Congressional District 1 (118th Congress), New Hampshire","697780","6712","612509","7497","10173","2931","939","519","17933","2609","68","116","7492","2374","48666","5517","27993","4860","20673","2964",
"5001800US3302","Congressional District 2 (118th Congress), New Hampshire","704274","6712","614670","7053","11272","2664","1184","626","18070","2311","163","251","9698","2958","49217","5231","29499","4576","19718","2792",
"5001800US3401","Congressional District 1 (118th Congress), New Jersey","777528","6286","470589","7101","122419","5611","4666","3881","39821","2385","501","432","59985","6798","79547","6878","38957","6015","40590","5555",
"5001800US3402","Congressional District 2 (118th Congress), New Jersey","786799","6644","515452","8400","85412","5988","4797","2225","28848","2196","180","254","73757","7877","78353","7950","47804","5819","30549","4591",
"5001800US3403","Congressional District 3 (118th Congress), New Jersey","782374","7151","505557","9948","102932","5929","3893","1933","61754","4136","93","148","36071","6410","72074","7373","40392","5768","31682","5211",
"5001800US3404","Congressional District 4 (118th Congress), New Jersey","795843","7648","647445","9330","20190","3317","3249","1802","21584","2936","0","225","31392","7127","71983","8098","45653","6418","26330","4565",
"5001800US3405","Congressional District 5 (118th Congress), New Jersey","767729","10029","466140","9353","40072","4381","1746","866","122622","4957","256","300","53554","8075","83339","8091","66350","7651","16989","3015",
"5001800US3406","Congressional District 6 (118th Congress), New Jersey","766057","9390","340640","9769","89191","6366","18103","5448","146301","5557","209","279","93851","7981","77762","7610","56176","7220","21586","3753",
"5001800US3407","Congressional District 7 (118th Congress), New Jersey","778678","11305","541315","10410","38643","5195","3487","2403","68966","5011","54","94","45017","6114","81196","6753","60174","6376","21022","2666",
"5001800US3408","Congressional District 8 (118th Congress), New Jersey","749983","12817","229601","8036","64831","8632","17001","5712","84971","5320","287","293","180915","14088","172377","13001","146903","12650","25474","4583",
"5001800US3409","Congressional District 9 (118th Congress), New Jersey","770658","12233","301207","10702","72736","7008","5524","2667","74853","5126","475","400","145907","11535","169956","11859","148924","11209","21032","3860",
"5001800US3410","Congressional District 10 (118th Congress), New Jersey","768591","14342","154933","9014","376422","10616","4392","2467","50018","5549","310","366","97006","12181","85510","8701","65595","7787","19915","4142",
"5001800US3411","Congressional District 11 (118th Congress), New Jersey","775849","9170","488865","9235","40224","5475","891","517","98027","4023","44","72","44075","5384","103723","8902","75909","8504","27814","3876",
"5001800US3412","Congressional District 12 (118th Congress), New Jersey","770752","8212","305925","10457","122251","8547","10058","6246","151097","6668","0","225","114006","8705","67415","8866","48912","7780","18503","3803",
"5001800US3501","Congressional District 1 (118th Congress), New Mexico","705390","14076","391758","9628","22064","3337","30401","4242","20125","2038","1277","984","70036","8099","169729","12783","130616","12210","39113","4673",
"5001800US3502","Congressional District 2 (118th Congress), New Mexico","710078","14071","305388","11425","12855","2706","41195","5017","10666","2494","979","664","116535","13379","222460","12747","200526","12684","21934","3828",
"5001800US3503","Congressional District 3 (118th Congress), New Mexico","698903","6176","307526","8397","7466","1318","125829","3462","7927","1836","1150","755","89144","8722","159861","8403","131048","7727","28813","3802",
"5001800US3601","Congressional District 1 (118th Congress), New York","775252","10561","554350","11050","35204","5478","1906","964","45998","3460","4","4","47688","8543","90102","8685","68010","8424","22092","4132",
"5001800US3602","Congressional District 2 (118th Congress), New York","777290","12905","446611","12141","87004","8420","2936","1103","26651","3793","200","271","118273","12131","95615","9035","78474","9069","17141","3524",
"5001800US3603","Congressional District 3 (118th Congress), New York","760691","17611","424316","12477","23076","5082","3384","3047","180976","11150","61","77","49385","9252","79493","8517","58547","7228","20946","4153",
"5001800US3604","Congressional District 4 (118th Congress), New York","767277","6128","393564","10979","136878","7117","1450","835","60149","6951","49","60","85390","10302","89797","9257","68404","8440","21393","5068",
"5001800US3605","Congressional District 5 (118th Congress), New York","737913","18724","105499","8207","310022","9890","8449","4377","115450","9205","1000","1289","118115","10932","79378","9716","59733","8888","19645","3628",
"5001800US3606","Congressional District 6 (118th Congress), New York","706077","23906","188085","10922","29463","4806","4811","1957","295049","13560","0","218","96272","10913","92397","10261","68375","9442","24022","4767",
"5001800US3607","Congressional District 7 (118th Congress), New York","720452","22209","301180","16122","84932","10176","6500","2944","95613","8188","168","196","117701","12957","114358","11757","85914","10501","28444","4869",
"5001800US3608","Congressional District 8 (118th Congress), New York","740016","23945","222699","14008","304680","13304","2741","1014","59356","6693","210","184","73013","9837","77317","8172","48149","6196","29168","6138",
"5001800US3609","Congressional District 9 (118th Congress), New York","725054","22296","238033","11267","300820","15422","2587","1465","59152","8159","453","359","53806","9078","70203","7883","47037","6719","23166","4016",
"5001800US3610","Congressional District 10 (118th Congress), New York","719080","22752","376715","18044","44709","6847","5172","2130","141311","9548","0","218","75358","11122","75815","7913","45687","6625","30128","3580",
"5001800US3611","Congressional District 11 (118th Congress), New York","753280","13354","398540","10126","55971","3350","6553","2858","159292","7950","244","311","49461","7965","83219","7133","63787","6542","19432","3504",
"5001800US3612","Congressional District 12 (118th Congress), New York","734996","16880","480344","12297","38014","5033","1808","1158","97145","7401","105","143","34493","6471","83087","8569","47852","6614","35235","6573",
"5001800US3613","Congressional District 13 (118th Congress), New York","726044","19973","141398","9662","197416","11287","7856","3214","39939","4807","175","131","211418","18552","127842","12808","95540","12726","32302","5692",
"5001800US3614","Congressional District 14 (118th Congress), New York","740563","26175","172128","14001","141989","13394","12061","3781","82323","8350","2162","1367","228760","20600","101140","12049","79028","9954","22112","5242",
"5001800US3615","Congressional District 15 (118th Congress), New York","714768","20214","88350","8718","260715","12638","12000","3636","20946","3632","392","361","225648","16201","106717","11907","86254","10501","20463","4470",
"5001800US3616","Congressional District 16 (118th Congress), New York","765060","9506","325716","9038","158375","8836","7351","3103","51962","3030","49","79","121443","11366","100164","10011","74461","9136","25703","4013",
"5001800US3617","Congressional District 17 (118th Congress), New York","772624","5812","507576","9484","54381","3980","5862","2698","37436","3297","458","610","89842","9509","77069","7617","53205","6982","23864","3730",
"5001800US3618","Congressional District 18 (118th Congress), New York","784352","5307","505142","6868","83729","4721","17038","5321","23067","2188","103","45","64094","8166","91179","8016","59778","7102","31401","4762",
"5001800US3619","Congressional District 19 (118th Congress), New York","769461","5366","632218","6051","31250","2848","863","339","28396","1194","317","257","18468","2883","57949","4269","32608","3033","25341","2821",
"5001800US3620","Congressional District 20 (118th Congress), New York","783546","2815","579770","5850","69543","4656","2407","1125","37412","3115","407","363","25913","4691","68094","6022","33368","4863","34726","4507",
"5001800US3621","Congressional District 21 (118th Congress), New York","767195","4571","683147","5818","13670","1721","4332","1270","9634","1537","254","308","13572","2959","42586","4181","22763","3144","19823","2335",
"5001800US3622","Congressional District 22 (118th Congress), New York","762999","621","594675","3948","64395","4106","3435","1461","29061","1715","549","687","18885","3707","51999","5182","20224","2776","31775","4240",
"5001800US3623","Congressional District 23 (118th Congress), New York","764335","6063","685375","6825","21394","3260","3607","672","7348","1628","257","412","10088","2283","36266","4291","20450","4098","15816","1947",
"5001800US3624","Congressional District 24 (118th Congress), New York","767751","5074","680149","6154","21763","2232","2783","1014","6289","1025","344","384","13502","2432","42921","4314","21101","3689","21820","2071",
"5001800US3625","Congressional District 25 (118th Congress), New York","766396","1597","537950","5047","108027","4579","1038","515","28139","1422","579","559","30681","4871","59982","5873","28199","4410","31783","4477",
"5001800US3626","Congressional District 26 (118th Congress), New York","768744","7395","517475","8068","124118","4760","2741","1108","47548","2689","26","3","20514","3199","56322","5693","23207","3839","33115","4937",
"5001800US3701","Congressional District 1 (118th Congress), North Carolina","754008","3805","360076","5280","299808","5499","4941","1201","7353","1072","418","408","35710","4150","45702","5766","21001","4653","24701","3859",
"5001800US3702","Congressional District 2 (118th Congress), North Carolina","784882","13038","440556","10381","141848","8851","2028","885","83774","4574","143","147","42129","8222","74404","8967","40933","7547","33471","4755",
"5001800US3703","Congressional District 3 (118th Congress), North Carolina","768524","5505","508584","5374","126127","6669","4262","1715","11225","1642","303","255","40321","4579","77702","6191","37633","4896","40069","5492",
"5001800US3704","Congressional District 4 (118th Congress), North Carolina","769250","560","415385","4660","187338","4554","4618","2333","32741","1479","66","126","64732","6279","64370","7528","30036","4962","34334","5267",
"5001800US3705","Congressional District 5 (118th Congress), North Carolina","750316","9830","558136","8477","91072","6166","2752","1089","9825","1327","92","161","36572","5578","51867","5430","28145","5209","23722","3205",
"5001800US3706","Congressional District 6 (118th Congress), North Carolina","765747","10112","393643","9531","233773","7921","3845","1941","31753","1379","120","202","38819","5218","63794","7916","28726","5210","35068","6448",
"5001800US3707","Congressional District 7 (118th Congress), North Carolina","794214","4031","506600","5634","136863","4248","51326","2216","10604","1671","597","387","34640","4781","53584","5676","22185","3797","31399","3813",
"5001800US3708","Congressional District 8 (118th Congress), North Carolina","776092","5363","541468","7839","98416","4635","3217","1108","19039","1347","1461","1447","48571","8086","63920","7131","33487","5993","30433","3691",
"5001800US3709","Congressional District 9 (118th Congress), North Carolina","771994","8603","450570","7561","179650","6617","11143","1410","14124","1738","470","347","43667","6348","72370","7117","34310","5741","38060","4510",
"5001800US3710","Congressional District 10 (118th Congress), North Carolina","774062","5580","595958","6910","73176","4329","1559","1204","18053","1241","205","272","32270","5607","52841","5838","28637","5275","24204","3743",
"5001800US3711","Congressional District 11 (118th Congress), North Carolina","763974","3617","640994","4178","24858","2192","12113","1808","7400","1126","269","375","17202","3219","61138","3942","39519","3296","21619","2263",
"5001800US3712","Congressional District 12 (118th Congress), North Carolina","772165","14745","306070","8886","271171","10363","3708","1903","43908","4499","93","109","82360","8761","64855","8197","34523","5985","30332","5137",
"5001800US3713","Congressional District 13 (118th Congress), North Carolina","799277","15323","484642","11635","162004","10301","4127","1660","24519","3620","492","478","53514","7858","69979","7476","43546","6738","26433","3767",
"5001800US3714","Congressional District 14 (118th Congress), North Carolina","790986","15473","447183","9257","156900","11936","3152","1585","46914","4433","603","233","48513","7828","87721","8708","47324","6804","40397","6256",
"5001800US3800","Congressional District (at Large) (118th Congress), North Dakota","783926","*****","647059","3249","24479","2631","34505","2570","11814","1261","1664","1334","12173","2995","52232","5023","21688","3628","30544","3792",
"5001800US3901","Congressional District 1 (118th Congress), Ohio","796831","7373","545824","9610","134339","9711","861","451","33436","2939","714","354","18797","5311","62860","7004","21853","3867","41007","6169",
"5001800US3902","Congressional District 2 (118th Congress), Ohio","787945","1787","727938","3501","12916","1855","2087","990","3791","925","141","137","6231","1804","34841","3384","9087","2392","25754","2580",
"5001800US3903","Congressional District 3 (118th Congress), Ohio","784597","16866","424692","11425","219504","11515","3457","2132","45508","4446","141","171","25047","5774","66248","7774","28572","4616","37676","5401",
"5001800US3904","Congressional District 4 (118th Congress), Ohio","803311","3960","688696","4781","31168","3128","1029","584","27079","1708","67","84","9207","2695","46065","3456","13248","2399","32817","3127",
"5001800US3905","Congressional District 5 (118th Congress), Ohio","790574","3448","678074","4048","26861","2621","1845","796","8234","1034","471","416","19473","3098","55616","4520","28474","3887","27142","3450",
"5001800US3906","Congressional District 6 (118th Congress), Ohio","773456","5297","669394","5735","40469","3193","1220","759","4025","877","75","92","13519","2686","44754","4268","16765","2658","27989","3479",
"5001800US3907","Congressional District 7 (118th Congress), Ohio","769701","9713","669096","9048","24289","4469","990","569","23687","3008","365","368","8580","2826","42694","5009","19828","3791","22866","3210",
"5001800US3908","Congressional District 8 (118th Congress), Ohio","786259","8133","585930","10104","103015","9890","1512","1112","21928","2316","18","43","14619","3680","59237","6654","22489","4517","36748","6007",
"5001800US3909","Congressional District 9 (118th Congress), Ohio","776106","3384","593432","4804","90509","4171","1347","751","12501","1080","227","321","17268","3032","60822","5468","27540","3111","33282","4585",
"5001800US3910","Congressional District 10 (118th Congress), Ohio","784462","3132","562706","3988","125873","4127","1500","842","16813","1528","509","629","12505","3298","64556","5296","21520","3790","43036","4217",
"5001800US3911","Congressional District 11 (118th Congress), Ohio","772345","8909","328618","8142","333575","6096","1921","1057","22898","2635","0","208","26409","4975","58924","6959","28086","4419","30838","5334",
"5001800US3912","Congressional District 12 (118th Congress), Ohio","804132","5621","702704","6103","31105","2543","813","582","17232","1602","269","243","5133","1481","46876","4064","12823","2667","34053","3374",
"5001800US3913","Congressional District 13 (118th Congress), Ohio","781848","3788","596969","4905","91399","5928","979","530","27387","1697","1710","2011","8159","2762","55245","6313","15716","2601","39529","6023",
"5001800US3914","Congressional District 14 (118th Congress), Ohio","784185","1123","681633","4007","41698","3839","885","497","8074","1463","57","97","9460","2398","42378","5701","19680","3868","22698","3834",
"5001800US3915","Congressional District 15 (118th Congress), Ohio","790183","17939","574021","12664","100671","11150","809","436","30165","3747","408","625","22611","5200","61498","6916","23017","4614","38481","4466",
"5001800US4001","Congressional District 1 (118th Congress), Oklahoma","812132","3304","500070","4057","67158","2677","47628","3065","29146","1197","1582","248","35016","3892","131532","5663","54298","4250","77234","3910",
"5001800US4002","Congressional District 2 (118th Congress), Oklahoma","811280","3462","516400","3929","25688","1678","133402","3454","6853","906","739","420","15080","2039","113118","4348","19789","2364","93329","4008",
"5001800US4003","Congressional District 3 (118th Congress), Oklahoma","803437","9999","526557","10010","40188","5995","41639","3528","8755","1625","5194","3185","56158","5904","124946","7730","61844","5847","63102","5244",
"5001800US4004","Congressional District 4 (118th Congress), Oklahoma","808026","5020","547896","5847","55734","3819","41737","2799","20551","1764","927","203","22641","2805","118540","6755","35303","3865","83237","5138",
"5001800US4005","Congressional District 5 (118th Congress), Oklahoma","818949","10967","529667","8956","85263","6150","27689","2635","29497","2279","653","449","26216","5494","119964","8830","48006","6393","71958","5243",
"5001800US4101","Congressional District 1 (118th Congress), Oregon","710371","10150","468825","10764","19175","2788","6903","2041","73552","3484","3891","939","39547","6199","98478","7071","50613","6310","47865","4362",
"5001800US4102","Congressional District 2 (118th Congress), Oregon","704844","4889","556497","7872","4545","1170","12399","2036","6548","1265","522","352","39045","5793","85288","6249","50898","5361","34390","3441",
"5001800US4103","Congressional District 3 (118th Congress), Oregon","681430","10356","454988","9846","34853","4564","5476","1856","46942","4253","2913","1344","34859","7271","101399","8892","57041","7445","44358","5770",
"5001800US4104","Congressional District 4 (118th Congress), Oregon","710184","4202","569264","6467","7169","1363","8728","1611","19363","1731","1238","339","24699","3919","79723","5321","35575","4495","44148","4051",
"5001800US4105","Congressional District 5 (118th Congress), Oregon","709945","11205","573562","9779","12568","5254","5678","2301","23350","3140","1850","1037","18747","3371","74190","6729","40255","5221","33935","4472",
"5001800US4106","Congressional District 6 (118th Congress), Oregon","716584","10319","504062","12051","9096","2148","6184","1850","24636","3288","5062","678","58827","7896","108717","8514","71360","7707","37357","4273",
"5001800US4201","Congressional District 1 (118th Congress), Pennsylvania","763720","6109","613534","7787","25927","3574","1172","943","45589","3548","163","160","24287","5489","53048","5877","28793","4371","24255","3464",
"5001800US4202","Congressional District 2 (118th Congress), Pennsylvania","713964","20223","263340","11143","192518","17442","4583","2531","68188","5193","348","227","105770","13868","79217","9965","55852","9206","23365","5318",
"5001800US4203","Congressional District 3 (118th Congress), Pennsylvania","768800","21266","255172","10791","383997","16863","3025","1618","49510","6179","298","337","19223","5524","57575","7412","21407","5666","36168","5234",
"5001800US4204","Congressional District 4 (118th Congress), Pennsylvania","781948","8823","588246","10154","72817","5584","829","579","47227","4064","264","249","19561","4939","53004","6239","28643","4809","24361","3386",
"5001800US4205","Congressional District 5 (118th Congress), Pennsylvania","757986","9246","446064","7919","178648","7983","2601","1689","53555","4456","221","360","28384","6650","48513","6075","24546","5174","23967","3619",
"5001800US4206","Congressional District 6 (118th Congress), Pennsylvania","777885","5349","549176","7465","37745","3856","2381","1954","41957","1752","96","107","46430","6539","100100","7720","51623","6742","48477","6387",
"5001800US4207","Congressional District 7 (118th Congress), Pennsylvania","778593","3277","531123","5697","42740","4597","4290","2160","26493","1435","64","101","76784","7878","97099","8340","68522","7864","28577","5137",
"5001800US4208","Congressional District 8 (118th Congress), Pennsylvania","764570","5201","563275","6265","54465","3520","1501","866","16370","1375","575","824","53369","5987","75015","5614","51665","5473","23350","3219",
"5001800US4209","Congressional District 9 (118th Congress), Pennsylvania","765968","7312","670660","7311","18416","2589","1409","744","8129","1170","194","245","21195","4827","45965","5033","27549","4749","18416","2702",
"5001800US4210","Congressional District 10 (118th Congress), Pennsylvania","781862","8399","556830","8188","84060","5075","1965","1257","39195","2219","0","190","35297","5676","64515","6865","26658","4537","37857","5937",
"5001800US4211","Congressional District 11 (118th Congress), Pennsylvania","773134","7628","640510","7922","26355","3704","1077","675","15382","1557","1039","1250","30552","4599","58219","5893","34748","5009","23471","3742",
"5001800US4212","Congressional District 12 (118th Congress), Pennsylvania","752466","11114","556597","11054","110250","6858","547","309","31424","3477","23","4","12270","4592","41355","5853","15720","2989","25635","5455",
"5001800US4213","Congressional District 13 (118th Congress), Pennsylvania","765875","3630","689020","5010","16458","2349","834","779","5324","700","170","226","15522","3076","38547","3985","16663","3088","21884","2509",
"5001800US4214","Congressional District 14 (118th Congress), Pennsylvania","753602","5679","689079","5765","23219","2467","1353","854","5792","1089","368","360","1876","664","31915","3128","12426","2020","19489","2369",
"5001800US4215","Congressional District 15 (118th Congress), Pennsylvania","750180","3953","688737","4359","15856","1132","923","349","12689","1013","91","92","5095","1109","26789","2672","11792","1565","14997","1767",
"5001800US4216","Congressional District 16 (118th Congress), Pennsylvania","761148","1983","672587","3358","32043","2548","1171","753","9446","1285","131","132","8183","2052","37587","3398","15966","2049","21621","2896",
"5001800US4217","Congressional District 17 (118th Congress), Pennsylvania","749982","9870","620186","8471","52694","5811","1053","600","23110","3672","125","228","6762","2435","46052","4824","20068","3470","25984","4056",
"5001800US4401","Congressional District 1 (118th Congress), Rhode Island","536470","9293","350835","8441","33370","5245","5843","2626","19645","3533","67","121","42816","7653","83894","9232","53889","9565","30005","5299",
"5001800US4402","Congressional District 2 (118th Congress), Rhode Island","559492","9293","412658","8607","26344","4555","2785","2476","17774","3164","240","318","35696","8167","63995","8462","43295","7711","20700","3955",
"5001800US4501","Congressional District 1 (118th Congress), South Carolina","776842","8999","543033","7567","143999","7509","1890","1065","12128","1703","367","437","24177","5226","51248","6725","25680","5457","25568","4066",
"5001800US4502","Congressional District 2 (118th Congress), South Carolina","755004","10829","464383","6865","187784","9266","1965","1078","16041","1846","2071","2910","22413","4144","60347","7261","27091","5422","33256","4201",
"5001800US4503","Congressional District 3 (118th Congress), South Carolina","768137","7812","557942","6928","127127","6662","2495","1182","7076","1470","325","313","20833","4009","52339","6451","20313","4723","32026","4201",
"5001800US4504","Congressional District 4 (118th Congress), South Carolina","767156","11352","510990","10693","129505","6548","3449","1643","21361","1765","1257","759","29260","4938","71334","7140","42155","5999","29179","4316",
"5001800US4505","Congressional District 5 (118th Congress), South Carolina","771387","7945","503663","8375","180261","6130","4047","1408","16350","1640","875","859","13620","3819","52571","5728","24393","4101","28178","3795",
"5001800US4506","Congressional District 6 (118th Congress), South Carolina","755258","15237","326940","9491","347267","12496","3499","1458","12696","2606","209","281","23124","4306","41523","5475","16260","3759","25263","4447",
"5001800US4507","Congressional District 7 (118th Congress), South Carolina","779771","2361","508334","4596","195079","4520","5355","2956","8899","844","884","676","15934","4043","45286","5489","18731","3892","26555","3954",
"5001800US4600","Congressional District (at Large) (118th Congress), South Dakota","919318","*****","739679","3768","22730","2254","70936","2936","13999","1648","299","319","15338","3000","56337","5199","21786","3538","34551","3925",
"5001800US4701","Congressional District 1 (118th Congress), Tennessee","788014","2515","702295","4542","16715","1866","1470","963","7245","1275","134","225","13627","3593","46528","4505","22016","4105","24512","2529",
"5001800US4702","Congressional District 2 (118th Congress), Tennessee","806407","3206","676123","5699","46557","2585","773","449","12524","1228","457","109","15282","4628","54691","5639","32603","4647","22088","3153",
"5001800US4703","Congressional District 3 (118th Congress), Tennessee","798804","3185","632340","5264","77882","3079","3225","1547","11080","970","294","284","22004","3805","51979","5357","24994","4349","26985","3188",
"5001800US4704","Congressional District 4 (118th Congress), Tennessee","808625","3178","619730","4216","64825","4595","799","410","18368","1628","1459","1720","27245","4984","76199","7598","40011","5156","36188","4530",
"5001800US4705","Congressional District 5 (118th Congress), Tennessee","793338","13346","558274","11430","98493","9732","6837","6278","30961","3215","671","865","21076","4790","77026","9491","42283","8598","34743","4752",
"5001800US4706","Congressional District 6 (118th Congress), Tennessee","796534","11694","629542","9104","66789","8301","3806","2167","8877","1343","469","484","28117","5868","58934","8941","31933","6569","27001","5558",
"5001800US4707","Congressional District 7 (118th Congress), Tennessee","813590","11896","585997","9975","126400","9265","2011","995","14119","2000","319","338","17303","3262","67441","6838","35976","6201","31465","4142",
"5001800US4708","Congressional District 8 (118th Congress), Tennessee","773599","9187","568274","7528","132112","6901","1532","782","12990","2482","0","226","12538","3080","46153","5135","16904","3278","29249","3590",
"5001800US4709","Congressional District 9 (118th Congress), Tennessee","747578","8637","177185","7117","459668","7057","3593","1932","14571","2393","450","465","41712","6669","50399","8189","26954","6140","23445","4752",
"5001800US4801","Congressional District 1 (118th Congress), Texas","785535","4557","508045","8581","128091","3913","4105","1540","8294","1264","632","603","39047","5123","97321","6544","65306","5668","32015","3825",
"5001800US4802","Congressional District 2 (118th Congress), Texas","839055","26523","448113","20967","106994","11882","6067","2315","43719","7203","119","169","73214","11450","160829","13457","129146","11755","31683","6001",
"5001800US4803","Congressional District 3 (118th Congress), Texas","872647","11135","503313","13602","98828","7749","4244","1643","120067","7887","120","101","42718","7754","103357","9070","72060","7860","31297","4036",
"5001800US4804","Congressional District 4 (118th Congress), Texas","845835","12077","510372","11362","72407","6793","4579","1668","118133","8518","331","318","37582","6522","102431","8435","59947","7122","42484","5077",
"5001800US4805","Congressional District 5 (118th Congress), Texas","827361","10865","400138","9895","119812","12896","6425","3663","41389","6386","736","531","70217","10358","188644","14270","153134","13832","35510","5759",
"5001800US4806","Congressional District 6 (118th Congress), Texas","814151","14085","422827","12392","113975","7997","4201","1666","26469","4986","3711","3471","89701","11941","153267","11702","122151","11904","31116","4522",
"5001800US4807","Congressional District 7 (118th Congress), Texas","809564","24040","231048","13079","170225","18005","5749","2349","155223","12458","518","558","73785","10485","173016","15181","144392","13817","28624","6190",
"5001800US4808","Congressional District 8 (118th Congress), Texas","868181","24523","467739","18930","97186","13955","10317","4343","56237","13042","739","365","84854","11471","151109","15212","121696","14893","29413","5201",
"5001800US4809","Congressional District 9 (118th Congress), Texas","764812","24417","131066","10564","274893","18503","12569","5547","76539","7232","1241","2032","115808","13289","152696","14707","133175","14187","19521","4428",
"5001800US4810","Congressional District 10 (118th Congress), Texas","817807","12697","501883","11350","78453","6152","6275","2144","44237","5655","911","560","59587","7641","126461","10457","93353","10030","33108","4552",
"5001800US4811","Congressional District 11 (118th Congress), Texas","790592","6510","409255","10573","96347","8303","5123","2370","16622","2019","2338","769","86837","9680","174070","11240","141491","10425","32579","6002",
"5001800US4812","Congressional District 12 (118th Congress), Texas","849835","18213","498406","15644","117742","12448","5960","3213","36683","6220","950","919","56429","10423","133665","12036","98096","10602","35569","6144",
"5001800US4813","Congressional District 13 (118th Congress), Texas","790888","9345","526557","10007","53903","4241","7951","3224","20437","2623","1018","695","49294","5703","131728","10816","101282","9910","30446","3386",
"5001800US4814","Congressional District 14 (118th Congress), Texas","778849","10232","448430","8270","117553","6899","5644","1870","20299","2005","207","264","64115","7445","122601","9817","89706","7958","32895","4048",
"5001800US4815","Congressional District 15 (118th Congress), Texas","799844","15260","266571","10463","9934","1844","4931","1381","9112","938","478","468","80679","11229","428139","19130","416689","19095","11450","2935",
"5001800US4816","Congressional District 16 (118th Congress), Texas","766538","6415","228015","11629","26903","4079","11298","4639","9774","1233","1296","214","147244","12112","342008","13701","320285","13888","21723","4383",
"5001800US4817","Congressional District 17 (118th Congress), Texas","800590","11520","462671","10196","118141","7904","4673","1650","20480","3172","292","454","41638","6152","152695","9052","119833","8636","32862","4965",
"5001800US4818","Congressional District 18 (118th Congress), Texas","788066","27687","201001","14262","252419","15862","10452","3476","39008","6635","1992","875","126694","15787","156500","15742","134303","14990","22197","4720",
"5001800US4819","Congressional District 19 (118th Congress), Texas","771186","5022","488249","8127","46812","3589","8099","2931","10915","1261","2348","2415","59353","5905","155410","8767","130047","8338","25363","3857",
"5001800US4820","Congressional District 20 (118th Congress), Texas","768443","24901","276826","15151","51015","8043","14180","4153","24963","4734","874","868","111325","13969","289260","21873","249024","19879","40236","8519",
"5001800US4821","Congressional District 21 (118th Congress), Texas","839290","19040","553988","16927","30884","5390","6452","3072","22103","3785","349","419","53687","7732","171827","13640","142528","12309","29299","4463",
"5001800US4822","Congressional District 22 (118th Congress), Texas","852846","22435","380434","12934","117606","12090","3429","1369","129404","10465","483","379","57937","8701","163553","13105","135336","13051","28217","5904",
"5001800US4823","Congressional District 23 (118th Congress), Texas","786734","19067","335124","14663","32415","6111","10509","2590","23265","5839","2285","1473","104468","10519","278668","14998","253759","14436","24909","4692",
"5001800US4824","Congressional District 24 (118th Congress), Texas","784279","15551","519157","15781","60995","11163","2697","1169","66010","6731","3589","1866","34930","7428","96901","8576","62174","7738","34727","5089",
"5001800US4825","Congressional District 25 (118th Congress), Texas","813686","18137","493527","12156","105358","10739","5691","2226","26078","4679","540","407","57427","7928","125065","10772","95293","10618","29772","4962",
"5001800US4826","Congressional District 26 (118th Congress), Texas","854717","10860","504744","9793","88215","5554","5382","1914","93422","4523","722","439","45895","7184","116337","9056","85084","8707","31253","3984",
"5001800US4827","Congressional District 27 (118th Congress), Texas","779431","6120","385191","12444","30493","3156","6863","3198","13113","1350","147","257","69772","9136","273852","14630","250758","15006","23094","4302",
"5001800US4828","Congressional District 28 (118th Congress), Texas","799580","19873","270169","17625","36835","6478","5671","1931","8043","1903","28","50","115726","12571","363108","18390","344092","17459","19016","4080",
"5001800US4829","Congressional District 29 (118th Congress), Texas","740677","27223","138749","12005","110922","14573","12241","4095","14634","4351","659","572","187167","15030","276305","17785","263482","16951","12823","3330",
"5001800US4830","Congressional District 30 (118th Congress), Texas","772920","19751","171386","12311","330896","16245","4751","2257","25073","3941","405","404","99239","13591","141170","13212","115914","12161","25256","5046",
"5001800US4831","Congressional District 31 (118th Congress), Texas","868119","9693","536778","12000","71172","6571","5326","1606","59350","4644","1887","721","54182","7496","139424","11204","95838","10385","43586","4680",
"5001800US4832","Congressional District 32 (118th Congress), Texas","762001","21103","281687","15732","148577","15563","7220","2218","60332","7918","6057","9067","89442","13336","168686","15429","140191","15677","28495","5824",
"5001800US4833","Congressional District 33 (118th Congress), Texas","734551","25352","171000","13747","118102","10796","8059","3422","68483","7965","1094","940","148719","16431","219094","13790","197495","14158","21599","4842",
"5001800US4834","Congressional District 34 (118th Congress), Texas","778323","13777","261674","14015","5258","2055","4859","2364","5002","1617","116","117","79653","9286","421761","16042","415717","16042","6044","1913",
"5001800US4835","Congressional District 35 (118th Congress), Texas","834055","31539","338461","17751","101130","10113","9917","3152","31475","6222","2278","1525","96282","12584","254512","22682","213851","21161","40661","6153",
"5001800US4836","Congressional District 36 (118th Congress), Texas","789655","15842","426038","13350","88727","9523","8867","4547","32776","5241","516","541","109553","14374","123178","10703","95824","9816","27354","4542",
"5001800US4837","Congressional District 37 (118th Congress), Texas","765870","15254","449103","13373","42203","6161","6870","3619","78703","6637","870","566","50209","8667","137912","14635","103638","13428","34274","5219",
"5001800US4838","Congressional District 38 (118th Congress), Texas","796788","26314","409984","18512","90002","13501","10299","5381","78067","10299","369","328","65799","10992","142268","14527","112718","13486","29550","5483",
"5001800US4901","Congressional District 1 (118th Congress), Utah","855830","8777","711241","8933","10638","1705","4822","1452","19482","2508","4150","1413","31254","4889","74243","5388","46621","4724","27622","3218",
"5001800US4902","Congressional District 2 (118th Congress), Utah","857385","9619","640212","10848","8873","2866","10661","3042","23105","4653","9892","3099","88614","8777","76028","7585","46510","5746","29518","4606",
"5001800US4903","Congressional District 3 (118th Congress), Utah","818995","10325","654267","11577","6190","1907","13281","1321","21742","3341","7237","1946","41579","6472","74699","5685","40689","4856","34010","3574",
"5001800US4904","Congressional District 4 (118th Congress), Utah","885524","10511","680027","13225","12679","4048","8023","2742","20400","3449","12646","3896","50676","7735","101073","10175","63198","8203","37875","5148",
"5001800US5000","Congressional District (at Large) (118th Congress), Vermont","647464","*****","582287","3159","7843","1171","1493","613","11202","1554","229","213","6904","1937","37506","3434","15768","2703","21738","2058",
"5001800US5101","Congressional District 1 (118th Congress), Virginia","814127","10829","574751","9448","106320","6637","2461","1112","49176","3636","991","1059","22716","3817","57712","5088","23239","3962","34473","3762",
"5001800US5102","Congressional District 2 (118th Congress), Virginia","789864","6677","473219","6976","180828","5616","2049","742","44835","2585","844","731","17158","3525","70931","5297","29256","4449","41675","4614",
"5001800US5103","Congressional District 3 (118th Congress), Virginia","773212","6169","310566","6792","327469","8657","3361","1008","21277","2011","753","499","22874","3949","86912","8214","32954","4260","53958","6979",
"5001800US5104","Congressional District 4 (118th Congress), Virginia","796240","11088","344516","10094","327876","9187","3296","1263","17516","2628","3008","3455","38220","6698","61808","7109","31412","5659","30396","4079",
"5001800US5105","Congressional District 5 (118th Congress), Virginia","798327","3603","559344","5140","155077","4783","1189","544","16314","1642","120","178","13700","3406","52583","5480","20866","3317","31717","4486",
"5001800US5106","Congressional District 6 (118th Congress), Virginia","794509","4268","624391","5575","62331","4293","1658","771","13033","1414","281","298","34382","4071","58433","5104","29182","4304","29251","3722",
"5001800US5107","Congressional District 7 (118th Congress), Virginia","814164","9702","418840","8853","167821","6307","3314","1387","37503","4305","82","97","85066","10130","101538","9139","52474","6532","49064","6020",
"5001800US5108","Congressional District 8 (118th Congress), Virginia","769124","13502","400109","8492","94332","6482","8306","3201","96175","7030","100","110","57212","7771","112890","10247","73123","9083","39767","4142",
"5001800US5109","Congressional District 9 (118th Congress), Virginia","776692","4979","678025","5816","40539","3498","1641","818","10082","1339","501","430","9139","2031","36765","3961","12966","2185","23799","3459",
"5001800US5110","Congressional District 10 (118th Congress), Virginia","805856","11278","447749","9470","68910","5711","2368","1483","128393","5950","442","335","46415","7936","111579","9252","66490","8096","45089","5479",
"5001800US5111","Congressional District 11 (118th Congress), Virginia","783583","13244","383222","8900","72630","5996","3127","1897","169468","6519","391","231","53561","8200","101184","7961","57647","7475","43537","4299",
"5001800US5301","Congressional District 1 (118th Congress), Washington","786950","10712","462100","12190","19541","3846","4686","1477","179647","9992","2336","1204","35149","6985","83491","7665","37577","6180","45914","5054",
"5001800US5302","Congressional District 2 (118th Congress), Washington","781299","8018","556680","9244","23082","3463","11327","3877","60168","5380","4836","2321","47727","6128","77479","5966","33703","4594","43776","3877",
"5001800US5303","Congressional District 3 (118th Congress), Washington","792906","4723","615412","7738","13247","1908","5123","1456","29128","2298","6371","952","38375","6044","85250","7538","37850","5904","47400","4369",
"5001800US5304","Congressional District 4 (118th Congress), Washington","786057","4036","432217","8551","10260","1537","21021","3513","14591","1844","797","489","122905","10595","184266","12644","156882","12277","27384","3374",
"5001800US5305","Congressional District 5 (118th Congress), Washington","788598","4557","640350","5570","14270","1925","10840","2292","18470","2056","4636","839","25833","4092","74199","5656","32063","5157","42136","3467",
"5001800US5306","Congressional District 6 (118th Congress), Washington","785859","10213","586815","9781","24055","3992","16388","3336","36321","3306","4853","1169","23442","3664","93985","6543","32363","4597","61622","4877",
"5001800US5307","Congressional District 7 (118th Congress), Washington","773546","10035","492039","11127","38980","5685","3691","1193","112673","8070","1901","1058","31584","6646","92678","6975","37534","5024","55144","4459",
"5001800US5308","Congressional District 8 (118th Congress), Washington","778099","15617","519895","10636","16079","3297","8993","2473","90359","7852","3137","1501","33587","6047","106049","9850","48210","7080","57839","6924",
"5001800US5309","Congressional District 9 (118th Congress), Washington","765854","14405","315712","12125","98587","7210","4586","1518","179593","10344","13386","2131","54744","8433","99246","8962","35628","5584","63618","7047",
"5001800US5310","Congressional District 10 (118th Congress), Washington","773712","12365","471644","10202","57803","6335","8418","2060","59734","4816","15081","1836","33430","5724","127602","9284","49266","6181","78336","6565",
"5001800US5401","Congressional District 1 (118th Congress), West Virginia","866374","2411","792004","3665","27788","3007","762","607","4869","867","193","177","4356","1676","36402","3486","7660","1819","28742","3049",
"5001800US5402","Congressional District 2 (118th Congress), West Virginia","903697","2411","802080","3808","29553","2908","1016","554","7785","903","0","204","11708","2318","51555","4567","24279","3945","27276","2742",
"5001800US5501","Congressional District 1 (118th Congress), Wisconsin","730388","5797","555963","7955","40084","4317","4126","2328","13950","2493","657","592","32294","6297","83314","8493","49665","7017","33649","4073",
"5001800US5502","Congressional District 2 (118th Congress), Wisconsin","747345","3169","596542","4727","33369","3139","2387","1390","37655","1713","34","3","20702","3960","56656","4812","31560","3363","25096","3685",
"5001800US5503","Congressional District 3 (118th Congress), Wisconsin","739552","4869","664416","5164","7334","939","3182","749","17608","1457","266","366","13868","1977","32878","2882","14468","2217","18410","1981",
"5001800US5504","Congressional District 4 (118th Congress), Wisconsin","719795","5558","305001","5591","224535","5485","6997","2321","37797","3232","63","78","42438","6467","102964","7580","70460","5892","32504","4249",
"5001800US5505","Congressional District 5 (118th Congress), Wisconsin","746152","4633","653608","6135","13439","2225","1269","534","22585","2220","325","397","12249","2395","42677","4107","24971","3564","17706","2601",
"5001800US5506","Congressional District 6 (118th Congress), Wisconsin","738802","3155","644927","3608","15254","1695","3242","816","19672","1220","505","469","11634","2326","43568","3466","23685","2653","19883","2484",
"5001800US5507","Congressional District 7 (118th Congress), Wisconsin","747209","4928","672561","5427","3272","991","12403","913","11134","1151","323","251","7848","1351","39668","3276","16796","2593","22872","1952",
"5001800US5508","Congressional District 8 (118th Congress), Wisconsin","741712","1919","630577","3700","12765","2110","14862","1462","18700","2003","0","159","17595","3694","47213","4637","21628","3105","25585","3486",
"5001800US5600","Congressional District (at Large) (118th Congress), Wyoming","584057","*****","492128","3847","4038","1192","14337","2890","5057","1136","118","145","19710","3519","48669","4766","27934","4282","20735","1717",
"5001800US7298","Resident Commissioner District (at Large) (118th Congress), Puerto Rico","3205691","*****","762297","19398","169924","11323","7282","2511","4480","1583","426","498","1024568","23676","1236714","23099","1128889","21805","107825","9682",
